"Data Source","World Development Indicators",

"Last Updated Date","2019-03-21",

"Country Name","Country Code","Indicator Name","Indicator Code","1960","1961","1962","1963","1964","1965","1966","1967","1968","1969","1970","1971","1972","1973","1974","1975","1976","1977","1978","1979","1980","1981","1982","1983","1984","1985","1986","1987","1988","1989","1990","1991","1992","1993","1994","1995","1996","1997","1998","1999","2000","2001","2002","2003","2004","2005","2006","2007","2008","2009","2010","2011","2012","2013","2014","2015","2016","2017","2018",
"Aruba","ABW","Researchers in R&D (per million people)","SP.POP.SCIE.RD.P6","","","","","","","","","","","","","","","","","","","","","","","","","","","","","","","","","","","","","","","","","","","","","","","","","","","","","","","","","","","",
"Afghanistan","AFG","Researchers in R&D (per million people)","SP.POP.SCIE.RD.P6","","","","","","","","","","","","","","","","","","","","","","","","","","","","","","","","","","","","","","","","","","","","","","","","","","","","","","","","","","","",
"Angola","AGO","Researchers in R&D (per million people)","SP.POP.SCIE.RD.P6","","","","","","","","","","","","","","","","","","","","","","","","","","","","","","","","","","","","","","","","","","","","","","","","","","","","47.4842300415039","","","","","","","",
"Albania","ALB","Researchers in R&D (per million people)","SP.POP.SCIE.RD.P6","","","","","","","","","","","","","","","","","","","","","","","","","","","","","","","","","","","","","","","","","","","","","","","","","156.101104736328","","","","","","","","","","",
"Andorra","AND","Researchers in R&D (per million people)","SP.POP.SCIE.RD.P6","","","","","","","","","","","","","","","","","","","","","","","","","","","","","","","","","","","","","","","","","","","","","","","","","","","","","","","","","","","",
"Arab World","ARB","Researchers in R&D (per million people)","SP.POP.SCIE.RD.P6","","","","","","","","","","","","","","","","","","","","","","","","","","","","","","","","","","","","","","","","","","","","","","","","","","","","","","","","","","","",
"United Arab Emirates","ARE","Researchers in R&D (per million people)","SP.POP.SCIE.RD.P6","","","","","","","","","","","","","","","","","","","","","","","","","","","","","","","","","","","","","","","","","","","","","","","","","","","","","","","","2003.97265625","2406.5732421875","","",
"Argentina","ARG","Researchers in R&D (per million people)","SP.POP.SCIE.RD.P6","","","","","","","","","","","","","","","","","","","","","","","","","","","","","","","","","","","","","","692.1923828125","701.376525878906","709.559936523438","712.947021484375","684.68017578125","688.398864746094","714.3681640625","760.960327148438","814.091247558594","885.768005371094","967.745361328125","1028.24523925781","1032.75024414063","1120.67993164063","1176.96838378906","1199.36083984375","1193.80822753906","1202.0283203125","1219.99597167969","","","",
"Armenia","ARM","Researchers in R&D (per million people)","SP.POP.SCIE.RD.P6","","","","","","","","","","","","","","","","","","","","","","","","","","","","","","","","","","","","","","","","","","","","","","","","","","","","","","","","","","","",
"American Samoa","ASM","Researchers in R&D (per million people)","SP.POP.SCIE.RD.P6","","","","","","","","","","","","","","","","","","","","","","","","","","","","","","","","","","","","","","","","","","","","","","","","","","","","","","","","","","","",
"Antigua and Barbuda","ATG","Researchers in R&D (per million people)","SP.POP.SCIE.RD.P6","","","","","","","","","","","","","","","","","","","","","","","","","","","","","","","","","","","","","","","","","","","","","","","","","","","","","","","","","","","",
"Australia","AUS","Researchers in R&D (per million people)","SP.POP.SCIE.RD.P6","","","","","","","","","","","","","","","","","","","","","","","","","","","","","","","","","","","","","3340.72973632813","","3368.03369140625","","3461.76245117188","","3757.24169921875","","4070.06982421875","","4238.48876953125","","4341.048828125","","4539.494140625","","","","","","","","",
"Austria","AUT","Researchers in R&D (per million people)","SP.POP.SCIE.RD.P6","","","","","","","","","","","","","","","","","","","","","","","","","","","","","","","","","","","","","","","2327.40747070313","","","","2965.6845703125","","3158.79467773438","3449.33447265625","3524.3974609375","3810.92724609375","4138.45361328125","4141.40283203125","4349.71728515625","4387.04443359375","4661.0478515625","4712.82666015625","4937.55517578125","5019.4404296875","5157.517578125","","",
"Azerbaijan","AZE","Researchers in R&D (per million people)","SP.POP.SCIE.RD.P6","","","","","","","","","","","","","","","","","","","","","","","","","","","","","","","","","","","","","","","","","","","","","","","","","","","","","","","","","","","",
"Burundi","BDI","Researchers in R&D (per million people)","SP.POP.SCIE.RD.P6","","","","","","","","","","","","","","","","","","","","","","","","","","","","","","","","","","","","","","","","","","","","","","","","","","","","","","","","","","","",
"Belgium","BEL","Researchers in R&D (per million people)","SP.POP.SCIE.RD.P6","","","","","","","","","","","","","","","","","","","","","","","","","","","","","","","","","","","","","2461.70361328125","2568.80419921875","2695.24267578125","2899.18090820313","2970.1943359375","3123.9892578125","2958.84497070313","2967.3701171875","3091.60522460938","3142.72998046875","3284.40234375","3394.93408203125","3411.62133789063","3519.74145507813","3732.83129882813","3875.9150390625","4113.9345703125","4156.83544921875","4529.75048828125","4711.04541015625","4734.0380859375","","",
"Benin","BEN","Researchers in R&D (per million people)","SP.POP.SCIE.RD.P6","","","","","","","","","","","","","","","","","","","","","","","","","","","","","","","","","","","","","","","","","","","","","","","","","","","","","","","","","","","",
"Burkina Faso","BFA","Researchers in R&D (per million people)","SP.POP.SCIE.RD.P6","","","","","","","","","","","","","","","","","","","","","","","","","","","","","","","","","","","","","","","","","","","","","","","","","","","47.5767211914063","","","","","","","","",
"Bangladesh","BGD","Researchers in R&D (per million people)","SP.POP.SCIE.RD.P6","","","","","","","","","","","","","","","","","","","","","","","","","","","","","","","","","","","","","","","","","","","","","","","","","","","","","","","","","","","",
"Bulgaria","BGR","Researchers in R&D (per million people)","SP.POP.SCIE.RD.P6","","","","","","","","","","","","","","","","","","","","","","","","","","","","","","","","","","","","","1778.97106933594","1458.88940429688","1471.20190429688","1311.53503417969","1185.20288085938","1162.21508789063","1172.50183105469","1228.74755859375","1269.10302734375","1308.34326171875","1355.54821777344","1480.51745605469","1515.77868652344","1605.14379882813","1482.72900390625","1617.95202636719","1545.74670410156","1689.34240722656","1827.85034179688","1983.44909667969","2243.70947265625","","",
"Bahrain","BHR","Researchers in R&D (per million people)","SP.POP.SCIE.RD.P6","","","","","","","","","","","","","","","","","","","","","","","","","","","","","","","","","","","","","","","","","","","","","","","","","","","","","","","368.90234375","","","","",
"Bahamas, The","BHS","Researchers in R&D (per million people)","SP.POP.SCIE.RD.P6","","","","","","","","","","","","","","","","","","","","","","","","","","","","","","","","","","","","","","","","","","","","","","","","","","","","","","","","","","","",
"Bosnia and Herzegovina","BIH","Researchers in R&D (per million people)","SP.POP.SCIE.RD.P6","","","","","","","","","","","","","","","","","","","","","","","","","","","","","","","","","","","","","","","","","","","","61.3159217834473","63.140941619873","66.8546905517578","177.570755004883","197.448333740234","","","","","158.242416381836","229.819763183594","285.501800537109","354.217712402344","404.39990234375","","",
"Belarus","BLR","Researchers in R&D (per million people)","SP.POP.SCIE.RD.P6","","","","","","","","","","","","","","","","","","","","","","","","","","","","","","","","","","","","","","","","","","","","","","","","","","","","","","","","","","","",
"Belize","BLZ","Researchers in R&D (per million people)","SP.POP.SCIE.RD.P6","","","","","","","","","","","","","","","","","","","","","","","","","","","","","","","","","","","","","","","","","","","","","","","","","","","","","","","","","","","",
"Bermuda","BMU","Researchers in R&D (per million people)","SP.POP.SCIE.RD.P6","","","","","","","","","","","","","","","","","","","","","","","","","","","","","","","","","","","","","","","","","","","","","","","","","","","","","","","","","","","",
"Bolivia","BOL","Researchers in R&D (per million people)","SP.POP.SCIE.RD.P6","","","","","","","","","","","","","","","","","","","","","","","","","","","","","","","","","","","","","","","73.5087585449219","73.3253173828125","71.946662902832","123.582122802734","120.18473815918","","","","","","","145.715408325195","165.954315185547","","","","","","","","",
"Brazil","BRA","Researchers in R&D (per million people)","SP.POP.SCIE.RD.P6","","","","","","","","","","","","","","","","","","","","","","","","","","","","","","","","","","","","","","","","","421.450256347656","438.406219482422","456.467010498047","493.297576904297","542.594116210938","518.619567871094","540.81103515625","564.465759277344","587.809997558594","642.347717285156","695.877014160156","748.278625488281","799.751770019531","850.388610839844","900.299560546875","","","","",
"Barbados","BRB","Researchers in R&D (per million people)","SP.POP.SCIE.RD.P6","","","","","","","","","","","","","","","","","","","","","","","","","","","","","","","","","","","","","","","","","","","","","","","","","","","","","","","","","","","",
"Brunei Darussalam","BRN","Researchers in R&D (per million people)","SP.POP.SCIE.RD.P6","","","","","","","","","","","","","","","","","","","","","","","","","","","","","","","","","","","","","","","","","","","285.411987304688","277.314788818359","283.431091308594","","","","","","","","","","","","","","",
"Bhutan","BTN","Researchers in R&D (per million people)","SP.POP.SCIE.RD.P6","","","","","","","","","","","","","","","","","","","","","","","","","","","","","","","","","","","","","","","","","","","","","","","","","","","","","","","","","","","",
"Botswana","BWA","Researchers in R&D (per million people)","SP.POP.SCIE.RD.P6","","","","","","","","","","","","","","","","","","","","","","","","","","","","","","","","","","","","","","","","","","","","","","","","","","","","","168.33268737793","179.468521118164","","","","","",
"Central African Republic","CAF","Researchers in R&D (per million people)","SP.POP.SCIE.RD.P6","","","","","","","","","","","","","","","","","","","","","","","","","","","","","","","","","","","","","","","","","","","","","","","","","","","","","","","","","","","",
"Canada","CAN","Researchers in R&D (per million people)","SP.POP.SCIE.RD.P6","","","","","","","","","","","","","","","","","","","","","","","","","","","","","","","","","","","","","3054.810546875","3116.0595703125","3155.06591796875","3239.25830078125","3510.5673828125","3690.92626953125","3702.32153320313","3896.25512695313","4080.82568359375","4233.7734375","4308.71240234375","4582.9892578125","4705.94580078125","4445.71630859375","4643.435546875","4780.15576171875","4630.27880859375","4628.49853515625","4552.4853515625","","","","",
"Central Europe and the Baltics","CEB","Researchers in R&D (per million people)","SP.POP.SCIE.RD.P6","","","","","","","","","","","","","","","","","","","","","","","","","","","","","","","","","","","","","1405.60949424413","1394.04747605671","1403.99405460779","1378.96706844938","1371.3961222568","1386.29017706331","1408.09169948849","1420.02584182566","1489.59991671041","1608.31348224006","1614.85738284378","1678.61378414556","1744.20132865988","1761.60926670658","1833.89299301838","1849.96076183883","1922.0560829595","1997.87566138457","2104.2096716554","2143.97234887262","","","",
"Switzerland","CHE","Researchers in R&D (per million people)","SP.POP.SCIE.RD.P6","","","","","","","","","","","","","","","","","","","","","","","","","","","","","","","","","","","","","3130.49975585938","","","","3642.26171875","","","","3457.0771484375","","","","3288.16748046875","","","","4455.5068359375","","","5257.2978515625","","","",
"Channel Islands","CHI","Researchers in R&D (per million people)","SP.POP.SCIE.RD.P6","","","","","","","","","","","","","","","","","","","","","","","","","","","","","","","","","","","","","","","","","","","","","","","","","","","","","","","","","","","",
"Chile","CHL","Researchers in R&D (per million people)","SP.POP.SCIE.RD.P6","","","","","","","","","","","","","","","","","","","","","","","","","","","","","","","","","","","","","","","","","","","","","","","","336.590240478516","357.645904541016","288.72021484375","320.125152587891","354.356292724609","392.727294921875","337.450897216797","430.641937255859","460.252990722656","502.101928710938","","",
"China","CHN","Researchers in R&D (per million people)","SP.POP.SCIE.RD.P6","","","","","","","","","","","","","","","","","","","","","","","","","","","","","","","","","","","","","438.406524658203","467.568450927734","383.055145263672","416.416198730469","541.663452148438","575.33837890625","624.130554199219","659.939514160156","704.906188964844","846.457397460938","920.665100097656","1064.76696777344","1184.47033691406","852.258117675781","890.484497070313","963.879333496094","1020.95581054688","1073.21887207031","1096.51745605469","1158.90808105469","1205.68249511719","","",
"Cote d'Ivoire","CIV","Researchers in R&D (per million people)","SP.POP.SCIE.RD.P6","","","","","","","","","","","","","","","","","","","","","","","","","","","","","","","","","","","","","","","","","","","","","","69.2069702148438","","","","","","","","","","","","","",
"Cameroon","CMR","Researchers in R&D (per million people)","SP.POP.SCIE.RD.P6","","","","","","","","","","","","","","","","","","","","","","","","","","","","","","","","","","","","","","","","","","","","","","","","","","","","","","","","","","","",
"Congo, Dem. Rep.","COD","Researchers in R&D (per million people)","SP.POP.SCIE.RD.P6","","","","","","","","","","","","","","","","","","","","","","","","","","","","","","","","","","","","","","","","","","","","","","","","","","","","","","","","7.22867012023926","","","",
"Congo, Rep.","COG","Researchers in R&D (per million people)","SP.POP.SCIE.RD.P6","","","","","","","","","","","","","","","","","","","","","","","","","","","","","","","","","","","","","49.3188781738281","48.101749420166","39.4462394714355","35.1523895263672","31.5432796478271","","","","","","","","","","","","","","","","","","",
"Colombia","COL","Researchers in R&D (per million people)","SP.POP.SCIE.RD.P6","","","","","","","","","","","","","","","","","","","","","","","","","","","","","","","","","","","","","70.1200408935547","74.1614608764648","","","99.2716217041016","111.150581359863","126.83358001709","138.346969604492","110.367492675781","121.604309082031","137.318466186523","153.704666137695","166.815933227539","172.031204223633","197.783874511719","196.519485473633","187.98356628418","165.178146362305","118.246520996094","131.959823608398","","","",
"Comoros","COM","Researchers in R&D (per million people)","SP.POP.SCIE.RD.P6","","","","","","","","","","","","","","","","","","","","","","","","","","","","","","","","","","","","","","","","","","","","","","","","","","","","","","","","","","","",
"Cabo Verde","CPV","Researchers in R&D (per million people)","SP.POP.SCIE.RD.P6","","","","","","","","","","","","","","","","","","","","","","","","","","","","","","","","","","","","","","","","","","101.416221618652","132.71223449707","","","","","","","","","49.2061080932617","","","","","","","",
"Costa Rica","CRI","Researchers in R&D (per million people)","SP.POP.SCIE.RD.P6","","","","","","","","","","","","","","","","","","","","","","","","","","","","","","","","","","","","","","","","","","","","132.81721496582","109.624031066895","124.015937805176","","","263.008880615234","342.003143310547","384.574768066406","409.088287353516","339.698883056641","357.810546875","572.98095703125","","","","",
"Caribbean small states","CSS","Researchers in R&D (per million people)","SP.POP.SCIE.RD.P6","","","","","","","","","","","","","","","","","","","","","","","","","","","","","","","","","","","","","","","","","","","","","","","","","","","","","","","","","","","",
"Cuba","CUB","Researchers in R&D (per million people)","SP.POP.SCIE.RD.P6","","","","","","","","","","","","","","","","","","","","","","","","","","","","","","","","","","","","","","","","","","","","","","","","","","","","","","","","","","","",
"Curacao","CUW","Researchers in R&D (per million people)","SP.POP.SCIE.RD.P6","","","","","","","","","","","","","","","","","","","","","","","","","","","","","","","","","","","","","","","","","","","","","","","","","","","","","","","","","","","",
"Cayman Islands","CYM","Researchers in R&D (per million people)","SP.POP.SCIE.RD.P6","","","","","","","","","","","","","","","","","","","","","","","","","","","","","","","","","","","","","","","","","","","","","","","","","","","","","","","","","","","",
"Cyprus","CYP","Researchers in R&D (per million people)","SP.POP.SCIE.RD.P6","","","","","","","","","","","","","","","","","","","","","","","","","","","","","","","","","","","","","","","345.604248046875","402.608551025391","434.378082275391","471.979583740234","609.482727050781","677.831970214844","795.288818359375","916.650634765625","986.916748046875","1029.19750976563","1011.38116455078","1065.75183105469","1077.70043945313","1063.79150390625","1017.46435546875","1036.13049316406","1064.92504882813","1009.05438232422","1000.23162841797","","",
"Czech Republic","CZE","Researchers in R&D (per million people)","SP.POP.SCIE.RD.P6","","","","","","","","","","","","","","","","","","","","","","","","","","","","","","","","","","","","","1252.39477539063","1216.80004882813","1217.22424316406","1313.23046875","1346.21447753906","1459.1279296875","1460.53051757813","1543.95666503906","1591.83654785156","2356.07861328125","2550.64794921875","2691.796875","2857.42578125","2742.41772460938","2774.02099609375","2903.0576171875","3137.61572265625","3234.80712890625","3400.44458007813","3591.2724609375","3518.81884765625","","",
"Germany","DEU","Researchers in R&D (per million people)","SP.POP.SCIE.RD.P6","","","","","","","","","","","","","","","","","","","","","","","","","","","","","","","","","","","","","2826.9599609375","2893.17041015625","2916.7392578125","3125.74829101563","3164.57348632813","3242.5615234375","3257.0263671875","3292.36791992188","3306.77124023438","3332.23803710938","3431.69970703125","3575.57250976563","3730.27661132813","3919.03173828125","4054.60571289063","4184.75341796875","4347.29736328125","4361.8134765625","4318.62158203125","4748.4091796875","4893.15283203125","","",
"Djibouti","DJI","Researchers in R&D (per million people)","SP.POP.SCIE.RD.P6","","","","","","","","","","","","","","","","","","","","","","","","","","","","","","","","","","","","","","","","","","","","","","","","","","","","","","","","","","","",
"Dominica","DMA","Researchers in R&D (per million people)","SP.POP.SCIE.RD.P6","","","","","","","","","","","","","","","","","","","","","","","","","","","","","","","","","","","","","","","","","","","","","","","","","","","","","","","","","","","",
"Denmark","DNK","Researchers in R&D (per million people)","SP.POP.SCIE.RD.P6","","","","","","","","","","","","","","","","","","","","","","","","","","","","","","","","","","","","","3177.82006835938","3317.91577148438","","3559.90307617188","","3630.60375976563","4754.85693359375","4618.9228515625","4843.25390625","5197.447265625","5298.43359375","5516.3193359375","6493.8173828125","6656.89892578125","6739.18115234375","7018.0712890625","7143.59814453125","7071.54931640625","7311.02197265625","7457.77392578125","7514.70166015625","","",
"Dominican Republic","DOM","Researchers in R&D (per million people)","SP.POP.SCIE.RD.P6","","","","","","","","","","","","","","","","","","","","","","","","","","","","","","","","","","","","","","","","","","","","","","","","","","","","","","","","","","","",
"Algeria","DZA","Researchers in R&D (per million people)","SP.POP.SCIE.RD.P6","","","","","","","","","","","","","","","","","","","","","","","","","","","","","","","","","","","","","","","","","","","","","","168.016296386719","","","","","","","","","","","","","",
"East Asia & Pacific (excluding high income)","EAP","Researchers in R&D (per million people)","SP.POP.SCIE.RD.P6","","","","","","","","","","","","","","","","","","","","","","","","","","","","","","","","","","","","","417.112129588011","434.267884547098","366.293747188708","391.440945233353","491.08426119654","496.546384832892","535.581231281501","608.807828479655","701.064457016173","777.057939859683","909.91460588738","971.640135226954","1172.80579825495","691.420682591629","902.36003331956","903.388520303259","1037.09543023822","984.712404130981","1109.60794397296","1127.91517427006","1198.86484077732","","",
"Early-demographic dividend","EAR","Researchers in R&D (per million people)","SP.POP.SCIE.RD.P6","","","","","","","","","","","","","","","","","","","","","","","","","","","","","","","","","","","","","","","","","","","","","","182.540873881961","","","","","","","","","","","","","",
"East Asia & Pacific","EAS","Researchers in R&D (per million people)","SP.POP.SCIE.RD.P6","","","","","","","","","","","","","","","","","","","","","","","","","","","","","","","","","","","","","887.52778958078","872.458778056829","861.99087778228","850.65877044832","927.684082499361","904.109880653475","969.036314281984","1057.0987341488","1209.70681290203","1238.67169805964","1440.46897094009","1436.88460313756","1672.76832290686","1116.03373244101","1459.43113364583","1387.5077112334","1557.71386589676","1461.81539589681","1638.69761938562","1605.42866105179","1726.24992716724","","",
"Europe & Central Asia (excluding high income)","ECA","Researchers in R&D (per million people)","SP.POP.SCIE.RD.P6","","","","","","","","","","","","","","","","","","","","","","","","","","","","","","","","","","","","","","","","","2164.61152284488","2150.04344517979","2104.90695404678","2071.29434082756","2037.59272298024","2017.03446989023","1928.81980305095","1874.47088025367","1834.60238913118","1820.26151341153","1827.75362713581","1843.0048822785","1842.96739455665","1834.69253723196","1835.64850530542","1859.80092354906","1976.61857457194","","",
"Europe & Central Asia","ECS","Researchers in R&D (per million people)","SP.POP.SCIE.RD.P6","","","","","","","","","","","","","","","","","","","","","","","","","","","","","","","","","","","","","2283.71562383244","2243.32290312208","2184.15061931245","2278.46480113336","2265.29472432713","2338.08957961009","2346.3408277995","2409.77454421746","2527.86580434946","2577.57507782185","2568.35505794431","2565.35299826425","2635.897622594","2657.54455267207","2709.22299986639","2734.14299640707","2804.28879253532","2831.58675682129","2872.16837806503","2994.52531335608","3113.52468627433","","",
"Ecuador","ECU","Researchers in R&D (per million people)","SP.POP.SCIE.RD.P6","","","","","","","","","","","","","","","","","","","","","","","","","","","","","","","","","","","","","84.1359024047852","78.1551818847656","83.3615188598633","","","39.9914283752441","42.0744705200195","48.5341911315918","","","70.5209503173828","65.0454406738281","103.233329772949","118.35009765625","141.300033569336","180.294555664063","282.159149169922","351.689392089844","400.714019775391","","","","",
"Egypt, Arab Rep.","EGY","Researchers in R&D (per million people)","SP.POP.SCIE.RD.P6","","","","","","","","","","","","","","","","","","","","","","","","","","","","","","","","","","","","","","","","","","","","","","","","620.62744140625","431.464172363281","426.338317871094","484.523345947266","483.929931640625","508.951629638672","530.601989746094","665.034790039063","663.356384277344","680.302795410156","","",
"Euro area","EMU","Researchers in R&D (per million people)","SP.POP.SCIE.RD.P6","","","","","","","","","","","","","","","","","","","","","","","","","","","","","","","","","","","","","2133.14502012923","2095.35975268358","2177.22464438748","2231.82582242466","2377.64306293486","2401.41136310819","2492.74824555547","2494.89442395392","2724.958913503","2756.10075522949","2875.61190705582","2988.45372389513","3168.14078400991","3244.66671817087","3354.64964301872","3390.65792482885","3507.90194873062","3542.88127134382","3583.45933546018","3766.87989816792","3704.73969826375","","",
"Eritrea","ERI","Researchers in R&D (per million people)","SP.POP.SCIE.RD.P6","","","","","","","","","","","","","","","","","","","","","","","","","","","","","","","","","","","","","","","","","","","","","","","","","","","","","","","","","","","",
"Spain","ESP","Researchers in R&D (per million people)","SP.POP.SCIE.RD.P6","","","","","","","","","","","","","","","","","","","","","","","","","","","","","","","","","","","","","1290.52416992188","1342.65893554688","1495.78173828125","1518.7080078125","1874.39477539063","1934.68310546875","1984.44128417969","2169.17504882813","2329.654296875","2491.2294921875","2589.08935546875","2701.3369140625","2847.6640625","2878.97387695313","2877.90014648438","2776.32250976563","2705.6025390625","2638.78247070313","2627.48461914063","2638.861328125","2732.24633789063","","",
"Estonia","EST","Researchers in R&D (per million people)","SP.POP.SCIE.RD.P6","","","","","","","","","","","","","","","","","","","","","","","","","","","","","","","","","","","","","","","2117.53833007813","2138.498046875","1905.49438476563","1926.38073730469","2212.28686523438","2197.52368164063","2470.72924804688","2457.12744140625","2603.578125","2745.388671875","2970.04125976563","3229.45288085938","3060.57641601563","3395.68920898438","3458.28540039063","3334.6953125","3279.07641601563","3183.25341796875","3305.28881835938","","",
"Ethiopia","ETH","Researchers in R&D (per million people)","SP.POP.SCIE.RD.P6","","","","","","","","","","","","","","","","","","","","","","","","","","","","","","","","","","","","","","","","","","","","","","20.9573993682861","","19.9381694793701","","","42.1994018554688","","","44.9660186767578","","","","","",
"European Union","EUU","Researchers in R&D (per million people)","SP.POP.SCIE.RD.P6","","","","","","","","","","","","","","","","","","","","","","","","","","","","","","","","","","","","","2031.04852718855","2050.55327923464","2066.34175187105","2180.24145311577","2216.59718197991","2335.27933916474","2397.67835065882","2496.05807343412","2684.73133448173","2782.49984371506","2868.3065764839","2929.55507818414","3072.21635578109","3124.91313228247","3210.6113757401","3226.54246457082","3329.34342426997","3418.52395913992","3489.28934251715","3639.18644006263","3748.60077610459","","",
"Fragile and conflict affected situations","FCS","Researchers in R&D (per million people)","SP.POP.SCIE.RD.P6","","","","","","","","","","","","","","","","","","","","","","","","","","","","","","","","","","","","","","","","","","","","","","","","","","","","","","","","","","","",
"Finland","FIN","Researchers in R&D (per million people)","SP.POP.SCIE.RD.P6","","","","","","","","","","","","","","","","","","","","","","","","","","","","","","","","","","","","","","","","","","","","","7821.8388671875","7526.63037109375","7657.1064453125","7361.158203125","7684.15380859375","7645.78759765625","7720.2236328125","7422.67822265625","7476.177734375","7209.66845703125","7011.46240234375","6843.49365234375","6525.01171875","","",
"Fiji","FJI","Researchers in R&D (per million people)","SP.POP.SCIE.RD.P6","","","","","","","","","","","","","","","","","","","","","","","","","","","","","","","","","","","","","","","","","","","","","","","","","","","","","","","","","","","",
"France","FRA","Researchers in R&D (per million people)","SP.POP.SCIE.RD.P6","","","","","","","","","","","","","","","","","","","","","","","","","","","","","","","","","","","","","2646.62939453125","2633.31274414063","2637.88012695313","2704.560546875","2886.68334960938","2960.5791015625","3095.38842773438","3183.9736328125","3323.83764648438","3307.1025390625","3419.08154296875","3580.49780273438","3652.8173828125","3738.6396484375","3863.966796875","3934.83618164063","4068.40844726563","4153.10009765625","4233.83056640625","4307.22216796875","","","",
"Faroe Islands","FRO","Researchers in R&D (per million people)","SP.POP.SCIE.RD.P6","","","","","","","","","","","","","","","","","","","","","","","","","","","","","","","","","","","","","","","","","","","","","","","","","","","","","","","","","","","",
"Micronesia, Fed. Sts.","FSM","Researchers in R&D (per million people)","SP.POP.SCIE.RD.P6","","","","","","","","","","","","","","","","","","","","","","","","","","","","","","","","","","","","","","","","","","","","","","","","","","","","","","","","","","","",
"Gabon","GAB","Researchers in R&D (per million people)","SP.POP.SCIE.RD.P6","","","","","","","","","","","","","","","","","","","","","","","","","","","","","","","","","","","","","","","","","","","","","","","","","","","","","","","","","","","",
"United Kingdom","GBR","Researchers in R&D (per million people)","SP.POP.SCIE.RD.P6","","","","","","","","","","","","","","","","","","","","","","","","","","","","","","","","","","","","","2488.70532226563","2496.13549804688","2693.00830078125","2852.4658203125","2893.16259765625","3079.38916015625","3338.94653320313","3636.94287109375","3823.53540039063","4123.61376953125","4177.5869140625","4113.8515625","4058.42529296875","4083.44165039063","4053.03662109375","3939.04077148438","3986.849609375","4141.30419921875","4254.10888671875","4350.08740234375","4429.583984375","","",
"Georgia","GEO","Researchers in R&D (per million people)","SP.POP.SCIE.RD.P6","","","","","","","","","","","","","","","","","","","","","","","","","","","","","","","","","","","","","","","","","","","","","","","","","","","","","","566.745178222656","1070.87658691406","1304.00830078125","1336.56274414063","","",
"Ghana","GHA","Researchers in R&D (per million people)","SP.POP.SCIE.RD.P6","","","","","","","","","","","","","","","","","","","","","","","","","","","","","","","","","","","","","","","","","","","","","","","","17.2817802429199","","","38.3728790283203","","","","","","","","",
"Gibraltar","GIB","Researchers in R&D (per million people)","SP.POP.SCIE.RD.P6","","","","","","","","","","","","","","","","","","","","","","","","","","","","","","","","","","","","","","","","","","","","","","","","","","","","","","","","","","","",
"Guinea","GIN","Researchers in R&D (per million people)","SP.POP.SCIE.RD.P6","","","","","","","","","","","","","","","","","","","","","","","","","","","","","","","","","","","","","","","","","","","","","","","","","","","","","","","","","","","",
"Gambia, The","GMB","Researchers in R&D (per million people)","SP.POP.SCIE.RD.P6","","","","","","","","","","","","","","","","","","","","","","","","","","","","","","","","","","","","","","","","","","","","","","","","","97.571907043457","109.175628662109","","33.5554504394531","","","","","","","",
"Guinea-Bissau","GNB","Researchers in R&D (per million people)","SP.POP.SCIE.RD.P6","","","","","","","","","","","","","","","","","","","","","","","","","","","","","","","","","","","","","","","","","","","","","","","","","","","","","","","","","","","",
"Equatorial Guinea","GNQ","Researchers in R&D (per million people)","SP.POP.SCIE.RD.P6","","","","","","","","","","","","","","","","","","","","","","","","","","","","","","","","","","","","","","","","","","","","","","","","","","","","","","","","","","","",
"Greece","GRC","Researchers in R&D (per million people)","SP.POP.SCIE.RD.P6","","","","","","","","","","","","","","","","","","","","","","","","","","","","","","","","","","","","","","1000.29895019531","","1329.78149414063","","1284.94262695313","","1390.24035644531","","1733.68994140625","1755.64892578125","1846.42736816406","","","","2160.08666992188","2179.59375","2581.70361328125","2652.26953125","3094.01123046875","2629.09033203125","","",
"Grenada","GRD","Researchers in R&D (per million people)","SP.POP.SCIE.RD.P6","","","","","","","","","","","","","","","","","","","","","","","","","","","","","","","","","","","","","","","","","","","","","","","","","","","","","","","","","","","",
"Greenland","GRL","Researchers in R&D (per million people)","SP.POP.SCIE.RD.P6","","","","","","","","","","","","","","","","","","","","","","","","","","","","","","","","","","","","","","","","","","","","","","","","","","","","","","","","","","","",
"Guatemala","GTM","Researchers in R&D (per million people)","SP.POP.SCIE.RD.P6","","","","","","","","","","","","","","","","","","","","","","","","","","","","","","","","","","","","","","","","","","","","","","29.6273002624512","24.2591495513916","34.0868797302246","38.5539016723633","38.6973991394043","24.8113193511963","24.7509498596191","26.9136600494385","17.3760108947754","20.2844104766846","22.1505393981934","","","",
"Guam","GUM","Researchers in R&D (per million people)","SP.POP.SCIE.RD.P6","","","","","","","","","","","","","","","","","","","","","","","","","","","","","","","","","","","","","","","","","","","","285.326599121094","316.257537841797","303.026489257813","","","","","","","","","","","","","",
"Guyana","GUY","Researchers in R&D (per million people)","SP.POP.SCIE.RD.P6","","","","","","","","","","","","","","","","","","","","","","","","","","","","","","","","","","","","","","","","","","","","","","","","","","","","","","","","","","","",
"High income","HIC","Researchers in R&D (per million people)","SP.POP.SCIE.RD.P6","","","","","","","","","","","","","","","","","","","","","","","","","","","","","","","","","","","","","2835.42502428207","2781.18376494137","2859.09407897755","2922.9323175871","2989.98856537019","3084.47175745115","3119.04894368525","3274.60782718518","3358.7539626461","3427.10103370322","3533.53529935177","3523.4789529863","3631.10178331115","3688.30714160769","3725.49677226981","3786.837074598","3848.1978077338","3904.6751820119","4019.60879081353","4042.50794311225","","","",
"Hong Kong SAR, China","HKG","Researchers in R&D (per million people)","SP.POP.SCIE.RD.P6","","","","","","","","","","","","","","","","","","","","","","","","","","","","","","","","","","","","","","","1053.31677246094","1204.03112792969","1159.72412109375","1360.99133300781","1573.93505859375","1989.95336914063","2145.21020507813","2639.81127929688","2671.13647460938","2834.42651367188","2658.37768554688","2761.31298828125","2929.72998046875","2884.45141601563","2988.29272460938","3142.72607421875","3312.3623046875","3267.45483398438","3404.83837890625","","",
"Honduras","HND","Researchers in R&D (per million people)","SP.POP.SCIE.RD.P6","","","","","","","","","","","","","","","","","","","","","","","","","","","","","","","","","","","","","","","","","","","","","","","","","","","","","","","","22.7657508850098","","","",
"Heavily indebted poor countries (HIPC)","HPC","Researchers in R&D (per million people)","SP.POP.SCIE.RD.P6","","","","","","","","","","","","","","","","","","","","","","","","","","","","","","","","","","","","","","","","","","","","","","","","","","","","","","","","","","","",
"Croatia","HRV","Researchers in R&D (per million people)","SP.POP.SCIE.RD.P6","","","","","","","","","","","","","","","","","","","","","","","","","","","","","","","","","","","","","","","1054.341796875","1239.33203125","1529.33374023438","1509.95446777344","1950.03479003906","1335.400390625","1628.67932128906","1308.11450195313","1321.9853515625","1405.00378417969","1538.68139648438","1596.60583496094","1641.34680175781","1587.38952636719","1556.6064453125","1526.24963378906","1436.74755859375","1503.06323242188","1793.14611816406","","",
"Haiti","HTI","Researchers in R&D (per million people)","SP.POP.SCIE.RD.P6","","","","","","","","","","","","","","","","","","","","","","","","","","","","","","","","","","","","","","","","","","","","","","","","","","","","","","","","","","","",
"Hungary","HUN","Researchers in R&D (per million people)","SP.POP.SCIE.RD.P6","","","","","","","","","","","","","","","","","","","","","","","","","","","","","","","","","","","","","1007.25939941406","1081.96484375","1141.13171386719","1227.22436523438","1409.44409179688","1438.68872070313","1471.79272460938","1496.75268554688","1473.44348144531","1574.18872070313","1744.9462890625","1734.95568847656","1852.02954101563","2014.671875","2149.71240234375","2325.57348632813","2415.17358398438","2544.07348632813","2671.1611328125","2587.50952148438","2645.673828125","","",
"IBRD only","IBD","Researchers in R&D (per million people)","SP.POP.SCIE.RD.P6","","","","","","","","","","","","","","","","","","","","","","","","","","","","","","","","","","","","","513.119099025113","","461.465478592198","","494.806108181698","","","","","616.426829926507","","","","","673.834807857292","","","","","828.585255659581","","","",
"IDA & IBRD total","IBT","Researchers in R&D (per million people)","SP.POP.SCIE.RD.P6","","","","","","","","","","","","","","","","","","","","","","","","","","","","","","","","","","","","","","","","","","","","","","573.609197042111","","","","","623.039562385718","","","","","","","","",
"IDA total","IDA","Researchers in R&D (per million people)","SP.POP.SCIE.RD.P6","","","","","","","","","","","","","","","","","","","","","","","","","","","","","","","","","","","","","","","","","","","","","","","","","","","","","","","","","","","",
"IDA blend","IDB","Researchers in R&D (per million people)","SP.POP.SCIE.RD.P6","","","","","","","","","","","","","","","","","","","","","","","","","","","","","","","","","","","","","","","","","","","","","","","","137.577954091304","","","","","","","","","","","",
"Indonesia","IDN","Researchers in R&D (per million people)","SP.POP.SCIE.RD.P6","","","","","","","","","","","","","","","","","","","","","","","","","","","","","","","","","","","","","","","","","212.649658203125","199.164123535156","","","","","","","","89.1992874145508","","","","","","","","","",
"IDA only","IDX","Researchers in R&D (per million people)","SP.POP.SCIE.RD.P6","","","","","","","","","","","","","","","","","","","","","","","","","","","","","","","","","","","","","","","","","","","","","","","","","","","","","","","","","","","",
"Isle of Man","IMN","Researchers in R&D (per million people)","SP.POP.SCIE.RD.P6","","","","","","","","","","","","","","","","","","","","","","","","","","","","","","","","","","","","","","","","","","","","","","","","","","","","","","","","","","","",
"India","IND","Researchers in R&D (per million people)","SP.POP.SCIE.RD.P6","","","","","","","","","","","","","","","","","","","","","","","","","","","","","","","","","","","","","152.545745849609","","115.680122375488","","110.095336914063","","","","","135.324249267578","","","","","156.638534545898","","","","","216.182067871094","","","",
"Not classified","INX","Researchers in R&D (per million people)","SP.POP.SCIE.RD.P6","","","","","","","","","","","","","","","","","","","","","","","","","","","","","","","","","","","","","","","","","","","","","","","","","","","","","","","","","","","",
"Ireland","IRL","Researchers in R&D (per million people)","SP.POP.SCIE.RD.P6","","","","","","","","","","","","","","","","","","","","","","","","","","","","","","","","","","","","","1744.73034667969","1898.3203125","2058.23291015625","2075.24365234375","2212.65161132813","2289.16064453125","2357.97802734375","2479.04272460938","2666.66723632813","2750.31176757813","2828.48095703125","2886.42309570313","3230.1396484375","3106.1298828125","3063.80395507813","3274.79711914063","3474.26586914063","3597.697265625","4422.890625","5421.36572265625","5563.38671875","","",
"Iran, Islamic Rep.","IRN","Researchers in R&D (per million people)","SP.POP.SCIE.RD.P6","","","","","","","","","","","","","","","","","","","","","","","","","","","","","","","","","","","","","","","","","","","","","","","709.637878417969","","744.973510742188","709.156311035156","735.078857421875","","688.731689453125","671.023986816406","","","","","",
"Iraq","IRQ","Researchers in R&D (per million people)","SP.POP.SCIE.RD.P6","","","","","","","","","","","","","","","","","","","","","","","","","","","","","","","","","","","","","","","","","","","","","","","","371.146148681641","381.705902099609","403.015228271484","417.68115234375","427.363983154297","","","68.3881225585938","64.8198699951172","63.7320785522461","","",
"Iceland","ISL","Researchers in R&D (per million people)","SP.POP.SCIE.RD.P6","","","","","","","","","","","","","","","","","","","","","","","","","","","","","","","","","","","","","","4916.962890625","5137.35400390625","5677.115234375","","6572.47802734375","","6657.359375","","7305.265625","8006.458984375","7235.5830078125","7422.9423828125","7925.37451171875","","6982.6044921875","","5651.0888671875","","5887.90673828125","6635.10546875","","",
"Israel","ISR","Researchers in R&D (per million people)","SP.POP.SCIE.RD.P6","","","","","","","","","","","","","","","","","","","","","","","","","","","","","","","","","","","","","","","","","","","","","","","","","","","","7291.00927734375","8250.474609375","","","","","","",
"Italy","ITA","Researchers in R&D (per million people)","SP.POP.SCIE.RD.P6","","","","","","","","","","","","","","","","","","","","","","","","","","","","","","","","","","","","","1335.68823242188","1148.7998046875","1143.48095703125","1138.47521972656","1153.87866210938","1159.90637207031","1232.52294921875","1209.55944824219","1231.08752441406","1402.67004394531","1496.78051757813","1567.94128417969","1609.453125","1707.52905273438","1731.53576660156","1776.29565429688","1853.13403320313","1946.82739257813","1983.41320800781","2115.396484375","2131.48461914063","","",
"Jamaica","JAM","Researchers in R&D (per million people)","SP.POP.SCIE.RD.P6","","","","","","","","","","","","","","","","","","","","","","","","","","","","","","","","","","","","","","","","","","","","","","","","","","","","","","","","","","","",
"Jordan","JOR","Researchers in R&D (per million people)","SP.POP.SCIE.RD.P6","","","","","","","","","","","","","","","","","","","","","","","","","","","","","","","","","","","","","","","1844.59460449219","","","","","","","","","","","","","","","","","255.368804931641","598.574279785156","","",
"Japan","JPN","Researchers in R&D (per million people)","SP.POP.SCIE.RD.P6","","","","","","","","","","","","","","","","","","","","","","","","","","","","","","","","","","","","","4874.4208984375","4928.51904296875","5135.36572265625","5174.58349609375","5077.64453125","5112.7705078125","4871.1669921875","5093.93505859375","5098.88818359375","5303.517578125","5332.6171875","5325.15966796875","5108.31103515625","5098.755859375","5103.2470703125","5109.90966796875","5032.82080078125","5147.486328125","5328.6494140625","5173.44189453125","5209.970703125","","",
"Kazakhstan","KAZ","Researchers in R&D (per million people)","SP.POP.SCIE.RD.P6","","","","","","","","","","","","","","","","","","","","","","","","","","","","","","","","","","","","","","","","","","","","","","","","402.995819091797","373.222564697266","345.584747314453","367.218048095703","382.282379150391","606.045227050781","729.459655761719","790.208984375","769.367370605469","687.635192871094","","",
"Kenya","KEN","Researchers in R&D (per million people)","SP.POP.SCIE.RD.P6","","","","","","","","","","","","","","","","","","","","","","","","","","","","","","","","","","","","","","","","","","","","","","","","55.2802886962891","","","225.029403686523","","","","","","","","",
"Kyrgyz Republic","KGZ","Researchers in R&D (per million people)","SP.POP.SCIE.RD.P6","","","","","","","","","","","","","","","","","","","","","","","","","","","","","","","","","","","","","","","","","","","","","","","","","","","","","","","","","","","",
"Cambodia","KHM","Researchers in R&D (per million people)","SP.POP.SCIE.RD.P6","","","","","","","","","","","","","","","","","","","","","","","","","","","","","","","","","","","","","","","","","","","17.645809173584","","","","","","","","","","","","","30.3744697570801","","","",
"Kiribati","KIR","Researchers in R&D (per million people)","SP.POP.SCIE.RD.P6","","","","","","","","","","","","","","","","","","","","","","","","","","","","","","","","","","","","","","","","","","","","","","","","","","","","","","","","","","","",
"St. Kitts and Nevis","KNA","Researchers in R&D (per million people)","SP.POP.SCIE.RD.P6","","","","","","","","","","","","","","","","","","","","","","","","","","","","","","","","","","","","","","","","","","","","","","","","","","","","","","","","","","","",
"Korea, Rep.","KOR","Researchers in R&D (per million people)","SP.POP.SCIE.RD.P6","","","","","","","","","","","","","","","","","","","","","","","","","","","","","","","","","","","","","2173.04931640625","2221.95263671875","1984.68957519531","2131.044921875","2286.947265625","2857.45190429688","2956.30932617188","3133.82202148438","3221.15185546875","3691.60278320313","4090.123046875","4523.38427734375","4797.6787109375","4942.90576171875","5330.0244140625","5807.67822265625","6317.818359375","6415.12255859375","6856.3974609375","7045.29541015625","7113.16943359375","","",
"Kuwait","KWT","Researchers in R&D (per million people)","SP.POP.SCIE.RD.P6","","","","","","","","","","","","","","","","","","","","","","","","","","","","","","","","","","","","","","194.133544921875","179.704010009766","166.575881958008","157.991668701172","159.290405273438","161.393173217773","165.044036865234","168.935836791992","168.670883178711","164.895858764648","188.542831420898","151.941299438477","142.606857299805","135.753402709961","128.79768371582","129.286636352539","","605.163330078125","385.69091796875","","","",
"Latin America & Caribbean (excluding high income)","LAC","Researchers in R&D (per million people)","SP.POP.SCIE.RD.P6","","","","","","","","","","","","","","","","","","","","","","","","","","","","","","","","","","","","","","","","","291.826277571176","293.643786932014","323.307962972607","352.111594286464","400.296693495161","387.8209125205","376.78945618381","393.393006649195","400.099886916974","435.943637339401","453.012014223379","482.3089967975","487.432705828752","520.24501836635","","","","","",
"Lao PDR","LAO","Researchers in R&D (per million people)","SP.POP.SCIE.RD.P6","","","","","","","","","","","","","","","","","","","","","","","","","","","","","","","","","","","","","","","","","","","15.8260297775269","","","","","","","","","","","","","","","","",
"Lebanon","LBN","Researchers in R&D (per million people)","SP.POP.SCIE.RD.P6","","","","","","","","","","","","","","","","","","","","","","","","","","","","","","","","","","","","","","","","","","","","","","","","","","","","","","","","","","","",
"Liberia","LBR","Researchers in R&D (per million people)","SP.POP.SCIE.RD.P6","","","","","","","","","","","","","","","","","","","","","","","","","","","","","","","","","","","","","","","","","","","","","","","","","","","","","","","","","","","",
"Libya","LBY","Researchers in R&D (per million people)","SP.POP.SCIE.RD.P6","","","","","","","","","","","","","","","","","","","","","","","","","","","","","","","","","","","","","","","","","","","","","","","","","","","","","","","","","","","",
"St. Lucia","LCA","Researchers in R&D (per million people)","SP.POP.SCIE.RD.P6","","","","","","","","","","","","","","","","","","","","","","","","","","","","","","","","","","","","","","","","","","","","","","","","","","","","","","","","","","","",
"Latin America & Caribbean","LCN","Researchers in R&D (per million people)","SP.POP.SCIE.RD.P6","","","","","","","","","","","","","","","","","","","","","","","","","","","","","","","","","","","","","","","","","329.829280062396","327.506145835437","354.691454363675","383.136769853809","431.644032651118","424.331838137997","420.405374689703","439.278410171628","448.369034249792","478.314636632774","504.742304256339","533.323377519485","540.35407212287","564.825996258608","","","","","",
"Least developed countries: UN classification","LDC","Researchers in R&D (per million people)","SP.POP.SCIE.RD.P6","","","","","","","","","","","","","","","","","","","","","","","","","","","","","","","","","","","","","","","","","","","","","","","","","","","","","","","","","","","",
"Low income","LIC","Researchers in R&D (per million people)","SP.POP.SCIE.RD.P6","","","","","","","","","","","","","","","","","","","","","","","","","","","","","","","","","","","","","","","","","","","","","","","","","","","","","","","","","","","",
"Liechtenstein","LIE","Researchers in R&D (per million people)","SP.POP.SCIE.RD.P6","","","","","","","","","","","","","","","","","","","","","","","","","","","","","","","","","","","","","","","","","","","","","","","","","","","","","","","","","","","",
"Sri Lanka","LKA","Researchers in R&D (per million people)","SP.POP.SCIE.RD.P6","","","","","","","","","","","","","","","","","","","","","","","","","","","","","","","","","","","","","187.675674438477","","","","135.076583862305","","","","138.288543701172","","93.186882019043","","98.8677673339844","","105.949226379395","","","110.877098083496","99.7402801513672","","","","",
"Lower middle income","LMC","Researchers in R&D (per million people)","SP.POP.SCIE.RD.P6","","","","","","","","","","","","","","","","","","","","","","","","","","","","","","","","","","","","","","","","","","","","","","","","","","","","","","","","","","","",
"Low & middle income","LMY","Researchers in R&D (per million people)","SP.POP.SCIE.RD.P6","","","","","","","","","","","","","","","","","","","","","","","","","","","","","","","","","","","","","","","","","","","","","","559.56372622967","","","","","607.873835599952","","","","","","","","",
"Lesotho","LSO","Researchers in R&D (per million people)","SP.POP.SCIE.RD.P6","","","","","","","","","","","","","","","","","","","","","","","","","","","","","","","","","","","","","","","","","","","6.30811023712158","7.82025003433228","10.3427200317383","","","","","22.682149887085","","5.76503992080688","","","","22.8313102722168","","","",
"Late-demographic dividend","LTE","Researchers in R&D (per million people)","SP.POP.SCIE.RD.P6","","","","","","","","","","","","","","","","","","","","","","","","","","","","","","","","","","","","","769.072556239872","786.230572840163","726.559505344816","736.188739308415","789.745794107067","810.811733224759","817.428449024645","864.750683043858","904.745658216793","990.512352551929","1044.21598547534","1131.96476170926","1214.58879983647","986.643195982343","1034.6479551202","1087.04898776577","1153.73485572315","1147.317527076","1213.4336562526","1291.52914386824","1373.07936195392","","",
"Lithuania","LTU","Researchers in R&D (per million people)","SP.POP.SCIE.RD.P6","","","","","","","","","","","","","","","","","","","","","","","","","","","","","","","","","","","","","2090.04809570313","2178.82934570313","2372.90698242188","2419.54370117188","2220.83569335938","2324.66625976563","1836.41564941406","1934.77416992188","2175.61181640625","2283.61987304688","2415.49487304688","2597.16674804688","2623.32153320313","2679.27124023438","2752.734375","2724.13110351563","2641.53784179688","2854.87036132813","3063.96752929688","2785.541015625","2931.66088867188","","",
"Luxembourg","LUX","Researchers in R&D (per million people)","SP.POP.SCIE.RD.P6","","","","","","","","","","","","","","","","","","","","","","","","","","","","","","","","","","","","","","","","","3773.42041015625","","","4357.04052734375","4494.72021484375","4864.12353515625","4412.37744140625","4635.55517578125","4715.68017578125","4828.7353515625","5144.982421875","5444.7138671875","4339.66259765625","4595.91259765625","4725.7314453125","4480.00048828125","4350.86962890625","","",
"Latvia","LVA","Researchers in R&D (per million people)","SP.POP.SCIE.RD.P6","","","","","","","","","","","","","","","","","","","","","","","","","","","","","","","","","","","","","1145.30065917969","1063.87231445313","1052.02661132813","1090.49084472656","1599.72290039063","1482.61083984375","1479.53344726563","1389.12084960938","1458.62719726563","1457.38220214844","1768.36206054688","1890.81921386719","2012.08081054688","1687.86877441406","1838.73498535156","1886.26672363281","1889.2998046875","1776.27819824219","1859.01171875","1813.15148925781","1599.56970214844","","",
"Macao SAR, China","MAC","Researchers in R&D (per million people)","SP.POP.SCIE.RD.P6","","","","","","","","","","","","","","","","","","","","","","","","","","","","","","","","","","","","","","","","","","260.91064453125","233.907196044922","319.245819091797","518.397399902344","616.504943847656","556.636657714844","388.430053710938","389.230651855469","570.897705078125","651.359741210938","612.078857421875","738.6259765625","915.704162597656","1033.966796875","1279.31921386719","2651.18823242188","","",
"St. Martin (French part)","MAF","Researchers in R&D (per million people)","SP.POP.SCIE.RD.P6","","","","","","","","","","","","","","","","","","","","","","","","","","","","","","","","","","","","","","","","","","","","","","","","","","","","","","","","","","","",
"Morocco","MAR","Researchers in R&D (per million people)","SP.POP.SCIE.RD.P6","","","","","","","","","","","","","","","","","","","","","","","","","","","","","","","","","","","","","","","","","","","","","","","646.98486328125","639.341430664063","655.223449707031","","718.304809570313","843.426452636719","847.934204101563","","1020.60076904297","","1068.96020507813","","",
"Monaco","MCO","Researchers in R&D (per million people)","SP.POP.SCIE.RD.P6","","","","","","","","","","","","","","","","","","","","","","","","","","","","","","","","","","","","","","","","","","","","","","","","","","","","","","","","","","","",
"Moldova","MDA","Researchers in R&D (per million people)","SP.POP.SCIE.RD.P6","","","","","","","","","","","","","","","","","","","","","","","","","","","","","","","","","","","","","","","","","","","","758.710815429688","756.852783203125","719.511413574219","700.062255859375","725.501098632813","822.1416015625","802.818420410156","760.863159179688","777.347412109375","768.64794921875","737.287780761719","746.802062988281","758.220520019531","725.741333007813","","",
"Madagascar","MDG","Researchers in R&D (per million people)","SP.POP.SCIE.RD.P6","","","","","","","","","","","","","","","","","","","","","","","","","","","","","","","","","","","","","","","14.3833503723145","14.853569984436","15.2218503952026","50.550609588623","47.0023612976074","47.1088218688965","47.6324310302734","47.9365882873535","47.6158485412598","48.215648651123","46.5082092285156","45.2134094238281","51.9581489562988","50.8647308349609","","","","","24.7042007446289","","",
"Maldives","MDV","Researchers in R&D (per million people)","SP.POP.SCIE.RD.P6","","","","","","","","","","","","","","","","","","","","","","","","","","","","","","","","","","","","","","","","","","","","","","","","","","","","","","","","","","","",
"Middle East & North Africa","MEA","Researchers in R&D (per million people)","SP.POP.SCIE.RD.P6","","","","","","","","","","","","","","","","","","","","","","","","","","","","","","","","","","","","","","","","","","","","","","","","","","","","","","","","","","","",
"Mexico","MEX","Researchers in R&D (per million people)","SP.POP.SCIE.RD.P6","","","","","","","","","","","","","","","","","","","","","","","","","","","","","","","","","","","","","207.906051635742","220.154373168945","210.804412841797","218.134323120117","218.522125244141","226.942596435547","298.326080322266","317.662414550781","371.267669677734","404.914703369141","329.396087646484","339.156280517578","331.148193359375","372.040344238281","328.138427734375","334.416625976563","240.787994384766","244.178298950195","","","","","",
"Marshall Islands","MHL","Researchers in R&D (per million people)","SP.POP.SCIE.RD.P6","","","","","","","","","","","","","","","","","","","","","","","","","","","","","","","","","","","","","","","","","","","","","","","","","","","","","","","","","","","",
"Middle income","MIC","Researchers in R&D (per million people)","SP.POP.SCIE.RD.P6","","","","","","","","","","","","","","","","","","","","","","","","","","","","","","","","","","","","","","","","","481.021021033971","","","","","576.963429550808","","","","","648.88739044901","","","","","776.561450435059","","","",
"North Macedonia","MKD","Researchers in R&D (per million people)","SP.POP.SCIE.RD.P6","","","","","","","","","","","","","","","","","","","","","","","","","","","","","","","","","","","","","","612.122741699219","683.380249023438","669.830078125","651.16357421875","606.997497558594","568.101928710938","544.455932617188","519.677001953125","540.219909667969","514.748107910156","502.551971435547","468.225952148438","431.590057373047","532.128845214844","445.245880126953","611.850524902344","675.383544921875","837.691528320313","858.458679199219","854.144165039063","","",
"Mali","MLI","Researchers in R&D (per million people)","SP.POP.SCIE.RD.P6","","","","","","","","","","","","","","","","","","","","","","","","","","","","","","","","","","","","","","","","","","","","","","","38.7841186523438","","","","29.3530693054199","","","","","30.7907600402832","","","",
"Malta","MLT","Researchers in R&D (per million people)","SP.POP.SCIE.RD.P6","","","","","","","","","","","","","","","","","","","","","","","","","","","","","","","","","","","","","","","","","","","677.792114257813","684.505126953125","1076.52465820313","1177.52038574219","1275.201171875","1199.05249023438","1312.69897460938","1193.10705566406","1410.68469238281","1783.12341308594","1991.49694824219","1899.6044921875","1851.63427734375","1917.60827636719","1930.77172851563","","",
"Myanmar","MMR","Researchers in R&D (per million people)","SP.POP.SCIE.RD.P6","","","","","","","","","","","","","","","","","","","","","","","","","","","","","","","","","","","","","","7.41466999053955","7.47332000732422","11.1990804672241","","12.3101997375488","17.7555408477783","","","","","","","","","","","","","","","","",
"Middle East & North Africa (excluding high income)","MNA","Researchers in R&D (per million people)","SP.POP.SCIE.RD.P6","","","","","","","","","","","","","","","","","","","","","","","","","","","","","","","","","","","","","","","","","","","","","","","","","586.53276977172","","624.847831394924","","","","","","","","",
"Montenegro","MNE","Researchers in R&D (per million people)","SP.POP.SCIE.RD.P6","","","","","","","","","","","","","","","","","","","","","","","","","","","","","","","","","","","","","","","","","","","","","","","","","","","","649.595642089844","","644.241516113281","670.730346679688","832.996398925781","","","",
"Mongolia","MNG","Researchers in R&D (per million people)","SP.POP.SCIE.RD.P6","","","","","","","","","","","","","","","","","","","","","","","","","","","","","","","","","","","","","","","","","","","","","","","","","","","","","","","","","","","",
"Northern Mariana Islands","MNP","Researchers in R&D (per million people)","SP.POP.SCIE.RD.P6","","","","","","","","","","","","","","","","","","","","","","","","","","","","","","","","","","","","","","","","","","","","","","","","","","","","","","","","","","","",
"Mozambique","MOZ","Researchers in R&D (per million people)","SP.POP.SCIE.RD.P6","","","","","","","","","","","","","","","","","","","","","","","","","","","","","","","","","","","","","","","","","","","","","","","15.6398897171021","","19.4250793457031","11.5872802734375","37.6666793823242","","","","","41.4795188903809","","","",
"Mauritania","MRT","Researchers in R&D (per million people)","SP.POP.SCIE.RD.P6","","","","","","","","","","","","","","","","","","","","","","","","","","","","","","","","","","","","","","","","","","","","","","","","","","","","","","","","","","","",
"Mauritius","MUS","Researchers in R&D (per million people)","SP.POP.SCIE.RD.P6","","","","","","","","","","","","","","","","","","","","","","","","","","","","","","","","","","","","","","","","","","","","","","","","","","","","","181.829635620117","","","","","","",
"Malawi","MWI","Researchers in R&D (per million people)","SP.POP.SCIE.RD.P6","","","","","","","","","","","","","","","","","","","","","","","","","","","","","","","","","","","","","","","","","","","","","","","","29.3115291595459","","","48.268970489502","","","","","","","","",
"Malaysia","MYS","Researchers in R&D (per million people)","SP.POP.SCIE.RD.P6","","","","","","","","","","","","","","","","","","","","","","","","","","","","","","","","","","","","","90.0904312133789","","154.476013183594","","277.012359619141","","295.778991699219","","503.275024414063","","370.810150146484","","602.872924804688","1072.55090332031","1467.44970703125","1649.79528808594","1784.41674804688","","2029.60717773438","2273.98510742188","","","",
"North America","NAC","Researchers in R&D (per million people)","SP.POP.SCIE.RD.P6","","","","","","","","","","","","","","","","","","","","","","","","","","","","","","","","","","","","","3122.96318163789","3221.48631707284","3374.16309080449","3434.68032245088","3489.27064326346","3570.69439838738","3648.64456334179","3884.86345122019","3807.70820304047","3780.48412580497","3845.49122273291","3851.04107338738","4002.60019955176","4123.8391510869","3959.25478744048","4103.19644109526","4094.0023880181","4187.55848242458","4284.87663885472","4313.38330078125","","","",
"Namibia","NAM","Researchers in R&D (per million people)","SP.POP.SCIE.RD.P6","","","","","","","","","","","","","","","","","","","","","","","","","","","","","","","","","","","","","","","","","","","","","","","","","","","","","","","143.315536499023","","","","",
"New Caledonia","NCL","Researchers in R&D (per million people)","SP.POP.SCIE.RD.P6","","","","","","","","","","","","","","","","","","","","","","","","","","","","","","","","","","","","","","","","","","","","","","","","","","","","","","","","","","","",
"Niger","NER","Researchers in R&D (per million people)","SP.POP.SCIE.RD.P6","","","","","","","","","","","","","","","","","","","","","","","","","","","","","","","","","","","","","","","","","","9.25928020477295","8.52040004730225","7.90084981918335","8.07495021820068","7.41640996932983","","","","","","","","","","","","","",
"Nigeria","NGA","Researchers in R&D (per million people)","SP.POP.SCIE.RD.P6","","","","","","","","","","","","","","","","","","","","","","","","","","","","","","","","","","","","","","","","","","","","","","","","38.769401550293","","","","","","","","","","","",
"Nicaragua","NIC","Researchers in R&D (per million people)","SP.POP.SCIE.RD.P6","","","","","","","","","","","","","","","","","","","","","","","","","","","","","","","","","","","","","","71.0310363769531","","","","","","","","","","","","","","","","","","","","","",
"Netherlands","NLD","Researchers in R&D (per million people)","SP.POP.SCIE.RD.P6","","","","","","","","","","","","","","","","","","","","","","","","","","","","","","","","","","","","","2283.2626953125","2430.6513671875","2482.01928710938","2639.82446289063","2649.34716796875","2846.71459960938","2723.40356445313","2703.853515625","2971.78491210938","2923.78198242188","3232.9248046875","3093.041015625","3061.60986328125","2824.21411132813","3219.04125976563","3664.62670898438","4362.06396484375","4552.95849609375","4513.44482421875","4673.08251953125","4842.66796875","","",
"Norway","NOR","Researchers in R&D (per million people)","SP.POP.SCIE.RD.P6","","","","","","","","","","","","","","","","","","","","","","","","","","","","","","","","","","","","","","3956.77905273438","","4089.17822265625","","4352.060546875","","4495.9130859375","4493.548828125","4576.56201171875","4831.85595703125","5159.41015625","5360.6806640625","5442.72216796875","5413.76611328125","5503.27978515625","5554.8603515625","5576.41064453125","5687.7880859375","5890.955078125","6073.23681640625","","",
"Nepal","NPL","Researchers in R&D (per million people)","SP.POP.SCIE.RD.P6","","","","","","","","","","","","","","","","","","","","","","","","","","","","","","","","","","","","","","","","","","","61.0591506958008","","","","","","","","","","","","","","","","",
"Nauru","NRU","Researchers in R&D (per million people)","SP.POP.SCIE.RD.P6","","","","","","","","","","","","","","","","","","","","","","","","","","","","","","","","","","","","","","","","","","","","","","","","","","","","","","","","","","","",
"New Zealand","NZL","Researchers in R&D (per million people)","SP.POP.SCIE.RD.P6","","","","","","","","","","","","","","","","","","","","","","","","","","","","","","","","","","","","","","2202.41455078125","","2296.41162109375","","2642.95727539063","","3073.791015625","","3140.23828125","","3448.96752929688","","3723.85034179688","","3689.1474609375","","3962.34497070313","","4052.41528320313","","","",
"OECD members","OED","Researchers in R&D (per million people)","SP.POP.SCIE.RD.P6","","","","","","","","","","","","","","","","","","","","","","","","","","","","","","","","","","","","","2466.15824804252","2492.09821264027","2575.38794812494","2639.27721789338","2693.25016972837","2771.08032353212","2813.11484300535","2950.77113084557","3032.760462862","3089.66796031313","3179.29943539674","3168.15785666464","3275.49445427223","3320.48074748244","3340.39549221646","3416.05845569998","3471.93427116161","3513.6151837753","3977.60148567495","4048.38255850273","","","",
"Oman","OMN","Researchers in R&D (per million people)","SP.POP.SCIE.RD.P6","","","","","","","","","","","","","","","","","","","","","","","","","","","","","","","","","","","","","","","","","","","","","","","","","","","","149.394485473633","174.220504760742","133.974548339844","180.89208984375","215.954772949219","","","",
"Other small states","OSS","Researchers in R&D (per million people)","SP.POP.SCIE.RD.P6","","","","","","","","","","","","","","","","","","","","","","","","","","","","","","","","","","","","","","","","","","","","","","","","","","","","","","","","","","","",
"Pakistan","PAK","Researchers in R&D (per million people)","SP.POP.SCIE.RD.P6","","","","","","","","","","","","","","","","","","","","","","","","","","","","","","","","","","","","","","77.2889709472656","","","","","","","","82.4444580078125","","164.270645141602","","165.232376098633","","150.547470092773","","166.438659667969","","293.646911621094","","","",
"Panama","PAN","Researchers in R&D (per million people)","SP.POP.SCIE.RD.P6","","","","","","","","","","","","","","","","","","","","","","","","","","","","","","","","","","","","","111.824577331543","114.508323669434","158.292602539063","96.9306335449219","94.3786315917969","89.3295211791992","94.3077163696289","94.7284317016602","84.7213668823242","103.288879394531","104.955772399902","165.614349365234","131.673690795898","110.074783325195","","118.129920959473","37.6364517211914","39.0781517028809","","","","","",
"Peru","PER","Researchers in R&D (per million people)","SP.POP.SCIE.RD.P6","","","","","","","","","","","","","","","","","","","","","","","","","","","","","","","","","","","","","","","","","","","","","","","","","","","","","","","","","","","",
"Philippines","PHL","Researchers in R&D (per million people)","SP.POP.SCIE.RD.P6","","","","","","","","","","","","","","","","","","","","","","","","","","","","","","","","","","","","","","","","","","","53.754020690918","70.5752410888672","","79.9311599731445","","77.9116134643555","","81.3828201293945","","84.3634033203125","","187.658981323242","","","","","",
"Palau","PLW","Researchers in R&D (per million people)","SP.POP.SCIE.RD.P6","","","","","","","","","","","","","","","","","","","","","","","","","","","","","","","","","","","","","","","","","","","","","","","","","","","","","","","","","","","",
"Papua New Guinea","PNG","Researchers in R&D (per million people)","SP.POP.SCIE.RD.P6","","","","","","","","","","","","","","","","","","","","","","","","","","","","","","","","","","","","","","","","","","","","","","","","","","","","","","","","","36.3080215454102","","",
"Poland","POL","Researchers in R&D (per million people)","SP.POP.SCIE.RD.P6","","","","","","","","","","","","","","","","","","","","","","","","","","","","","","","","","","","","","1362.83337402344","1442.75646972656","1456.99780273438","1463.44714355469","1431.21374511719","1457.48083496094","1473.97106933594","1524.37023925781","1587.24597167969","1620.38269042969","1553.75817871094","1601.77319335938","1612.63110351563","1594.3955078125","1683.33435058594","1673.5703125","1748.57360839844","1865.65710449219","2053.1630859375","2158.4609375","","","",
"Pre-demographic dividend","PRE","Researchers in R&D (per million people)","SP.POP.SCIE.RD.P6","","","","","","","","","","","","","","","","","","","","","","","","","","","","","","","","","","","","","","","","","","","","","","","","","","","","","","","","","","","",
"Puerto Rico","PRI","Researchers in R&D (per million people)","SP.POP.SCIE.RD.P6","","","","","","","","","","","","","","","","","","","","","","","","","","","","","","","","","","","","","","","","","","","","","","","","","","","","","","260.252655029297","","320.655212402344","","","",
"Korea, Dem. People’s Rep.","PRK","Researchers in R&D (per million people)","SP.POP.SCIE.RD.P6","","","","","","","","","","","","","","","","","","","","","","","","","","","","","","","","","","","","","","","","","","","","","","","","","","","","","","","","","","","",
"Portugal","PRT","Researchers in R&D (per million people)","SP.POP.SCIE.RD.P6","","","","","","","","","","","","","","","","","","","","","","","","","","","","","","","","","","","","","1238.25231933594","1333.18334960938","1430.73364257813","1527.40173339844","1616.4287109375","1704.45068359375","1817.70983886719","1930.17846679688","1964.62756347656","1999.50830078125","2325.58349609375","2650.57104492188","3793.42626953125","3736.57080078125","3898.06127929688","4146.318359375","4016.15185546875","3591.80981445313","3643.85571289063","3711.86840820313","3928.6025390625","","",
"Paraguay","PRY","Researchers in R&D (per million people)","SP.POP.SCIE.RD.P6","","","","","","","","","","","","","","","","","","","","","","","","","","","","","","","","","","","","","","","","","","88.9464492797852","82.5979537963867","81.741096496582","86.8026885986328","72.3320617675781","","","77.0615234375","","","50.3671607971191","169.456481933594","","153.298294067383","184.060577392578","","","",
"West Bank and Gaza","PSE","Researchers in R&D (per million people)","SP.POP.SCIE.RD.P6","","","","","","","","","","","","","","","","","","","","","","","","","","","","","","","","","","","","","","","","","","","","","","","","74.6295318603516","94.2291793823242","143.254745483398","322.610076904297","","","564.541564941406","","","","","",
"Pacific island small states","PSS","Researchers in R&D (per million people)","SP.POP.SCIE.RD.P6","","","","","","","","","","","","","","","","","","","","","","","","","","","","","","","","","","","","","","","","","","","","","","","","","","","","","","","","","","","",
"Post-demographic dividend","PST","Researchers in R&D (per million people)","SP.POP.SCIE.RD.P6","","","","","","","","","","","","","","","","","","","","","","","","","","","","","","","","","","","","","2914.6220546067","2939.8528143699","3026.78205543363","3104.93619533214","3178.25804290365","3270.15758473425","3319.72088244359","3462.44643267626","3543.92678110376","3615.53017946068","3622.90469320161","3661.61052667489","3793.58761017213","3858.80294718556","3875.0736406692","3934.86465580729","3983.38330205542","4069.2171990075","4167.83237725854","4225.46153585021","","","",
"French Polynesia","PYF","Researchers in R&D (per million people)","SP.POP.SCIE.RD.P6","","","","","","","","","","","","","","","","","","","","","","","","","","","","","","","","","","","","","","","","","","","","","","","","","","","","","","","","","","","",
"Qatar","QAT","Researchers in R&D (per million people)","SP.POP.SCIE.RD.P6","","","","","","","","","","","","","","","","","","","","","","","","","","","","","","","","","","","","","","","","","","","","","","","","","","","","","570.472229003906","","","603.790649414063","","","",
"Romania","ROU","Researchers in R&D (per million people)","SP.POP.SCIE.RD.P6","","","","","","","","","","","","","","","","","","","","","","","","","","","","","","","","","","","","","1328.83618164063","1256.18542480469","1224.23657226563","1053.16491699219","925.338073730469","897.283447265625","928.222412109375","964.843200683594","984.523132324219","1071.2509765625","895.361999511719","894.081604003906","931.459655761719","934.670776367188","967.693969726563","792.392761230469","893.152160644531","925.643493652344","906.685974121094","878.368591308594","912.424133300781","","",
"Russian Federation","RUS","Researchers in R&D (per million people)","SP.POP.SCIE.RD.P6","","","","","","","","","","","","","","","","","","","","","","","","","","","","","","","","","","","","","3795.87426757813","3603.40307617188","3341.63842773438","3383.00366210938","3459.2353515625","3468.63134765625","3388.16357421875","3371.56713867188","3315.9658203125","3234.80615234375","3239.93505859375","3276.81127929688","3153.50122070313","3090.7431640625","3088.08276367188","3124.15576171875","3090.69287109375","3068.17211914063","3094.46801757813","3121.7333984375","2979.09521484375","","",
"Rwanda","RWA","Researchers in R&D (per million people)","SP.POP.SCIE.RD.P6","","","","","","","","","","","","","","","","","","","","","","","","","","","","","","","","","","","","","","","","","","","","","","","","","10.6920299530029","12.3478498458862","","","","","","","","","",
"South Asia","SAS","Researchers in R&D (per million people)","SP.POP.SCIE.RD.P6","","","","","","","","","","","","","","","","","","","","","","","","","","","","","","","","","","","","","153.192926935405","","115.680122375488","","110.53308822141","","","","","129.054192746663","","","","","155.820233964073","","","","","225.972507104422","","","",
"Saudi Arabia","SAU","Researchers in R&D (per million people)","SP.POP.SCIE.RD.P6","","","","","","","","","","","","","","","","","","","","","","","","","","","","","","","","","","","","","","","","","","","","","","","","","","","","","","","","","","","",
"Sudan","SDN","Researchers in R&D (per million people)","SP.POP.SCIE.RD.P6","","","","","","","","","","","","","","","","","","","","","","","","","","","","","","","","","","","","","","","","","","","","","","","","","","","","","","","","","","","",
"Senegal","SEN","Researchers in R&D (per million people)","SP.POP.SCIE.RD.P6","","","","","","","","","","","","","","","","","","","","","","","","","","","","","","","","","","","","","","","","","","","","","","","260.540069580078","275.991424560547","370.937072753906","","362.257446289063","","","","","549.322509765625","","","",
"Singapore","SGP","Researchers in R&D (per million people)","SP.POP.SCIE.RD.P6","","","","","","","","","","","","","","","","","","","","","","","","","","","","","","","","","","","","","2554.02709960938","2659.28784179688","3054.07568359375","3299.34399414063","4249.61181640625","4165.548828125","4386.18212890625","4712.27587890625","4887.6484375","5297.05810546875","5428.00439453125","5768.8828125","5739.10009765625","6148.4501953125","6312.37158203125","6514.3720703125","6477.18994140625","6720.11376953125","6729.6796875","","","","",
"Solomon Islands","SLB","Researchers in R&D (per million people)","SP.POP.SCIE.RD.P6","","","","","","","","","","","","","","","","","","","","","","","","","","","","","","","","","","","","","","","","","","","","","","","","","","","","","","","","","","","",
"Sierra Leone","SLE","Researchers in R&D (per million people)","SP.POP.SCIE.RD.P6","","","","","","","","","","","","","","","","","","","","","","","","","","","","","","","","","","","","","","","","","","","","","","","","","","","","","","","","","","","",
"El Salvador","SLV","Researchers in R&D (per million people)","SP.POP.SCIE.RD.P6","","","","","","","","","","","","","","","","","","","","","","","","","","","","","","","","","","","","","","","","","","","","","","","","","","","","","","","","63.3665618896484","","","",
"San Marino","SMR","Researchers in R&D (per million people)","SP.POP.SCIE.RD.P6","","","","","","","","","","","","","","","","","","","","","","","","","","","","","","","","","","","","","","","","","","","","","","","","","","","","","","","","","","","",
"Somalia","SOM","Researchers in R&D (per million people)","SP.POP.SCIE.RD.P6","","","","","","","","","","","","","","","","","","","","","","","","","","","","","","","","","","","","","","","","","","","","","","","","","","","","","","","","","","","",
"Serbia","SRB","Researchers in R&D (per million people)","SP.POP.SCIE.RD.P6","","","","","","","","","","","","","","","","","","","","","","","","","","","","","","","","","","","","","","","","","","","","","","","","1195.58642578125","1360.3662109375","1429.36938476563","1514.84191894531","1624.00854492188","1643.37414550781","1726.97302246094","1830.99243164063","2071.216796875","2132.77270507813","","",
"Sub-Saharan Africa (excluding high income)","SSA","Researchers in R&D (per million people)","SP.POP.SCIE.RD.P6","","","","","","","","","","","","","","","","","","","","","","","","","","","","","","","","","","","","","","","","","","","","","","","","","","","","","","","","","","","",
"South Sudan","SSD","Researchers in R&D (per million people)","SP.POP.SCIE.RD.P6","","","","","","","","","","","","","","","","","","","","","","","","","","","","","","","","","","","","","","","","","","","","","","","","","","","","","","","","","","","",
"Sub-Saharan Africa","SSF","Researchers in R&D (per million people)","SP.POP.SCIE.RD.P6","","","","","","","","","","","","","","","","","","","","","","","","","","","","","","","","","","","","","","","","","","","","","","","","","","","","","","","","","","","",
"Small states","SST","Researchers in R&D (per million people)","SP.POP.SCIE.RD.P6","","","","","","","","","","","","","","","","","","","","","","","","","","","","","","","","","","","","","","","","","","","","","","","","","","","","","","","","","","","",
"Sao Tome and Principe","STP","Researchers in R&D (per million people)","SP.POP.SCIE.RD.P6","","","","","","","","","","","","","","","","","","","","","","","","","","","","","","","","","","","","","","","","","","","","","","","","","","","","","","","","","","","",
"Suriname","SUR","Researchers in R&D (per million people)","SP.POP.SCIE.RD.P6","","","","","","","","","","","","","","","","","","","","","","","","","","","","","","","","","","","","","","","","","","","","","","","","","","","","","","","","","","","",
"Slovak Republic","SVK","Researchers in R&D (per million people)","SP.POP.SCIE.RD.P6","","","","","","","","","","","","","","","","","","","","","","","","","","","","","","","","","","","","","1858.9404296875","1853.57482910156","1880.35632324219","1705.16821289063","1843.78796386719","1774.998046875","1700.13671875","1782.8154296875","1984.99133300781","2022.72180175781","2181.3115234375","2288.52416992188","2331.47534179688","2460.78344726563","2809.39575195313","2832.96362304688","2819.033203125","2714.6630859375","2713.5341796875","2648.40185546875","2598.90405273438","","",
"Slovenia","SVN","Researchers in R&D (per million people)","SP.POP.SCIE.RD.P6","","","","","","","","","","","","","","","","","","","","","","","","","","","","","","","","","","","","","2256.92553710938","2023.1845703125","2155.45874023438","2226.50512695313","2180.53930664063","2262.17822265625","2334.69995117188","1897.97204589844","2023.67138671875","2631.39306640625","2922.95947265625","3103.98754882813","3473.38500976563","3658.20581054688","3766.43872070313","4272.83837890625","4311.80517578125","4214.18115234375","4140.3388671875","3807.61791992188","3899.2001953125","","",
"Sweden","SWE","Researchers in R&D (per million people)","SP.POP.SCIE.RD.P6","","","","","","","","","","","","","","","","","","","","","","","","","","","","","","","","","","","","","","4158.1474609375","","4499.0791015625","","5169.30126953125","","5383.05517578125","5426.08837890625","6085.1083984375","6126.5810546875","4999.5400390625","5436.89501953125","5079.52001953125","5251.4501953125","5144.99853515625","5165.12744140625","6676.271484375","6877.9453125","6835.00341796875","7153.41943359375","","",
"Eswatini","SWZ","Researchers in R&D (per million people)","SP.POP.SCIE.RD.P6","","","","","","","","","","","","","","","","","","","","","","","","","","","","","","","","","","","","","","","","","","","","","","","","","","","","","","","","119.144950866699","","","",
"Sint Maarten (Dutch part)","SXM","Researchers in R&D (per million people)","SP.POP.SCIE.RD.P6","","","","","","","","","","","","","","","","","","","","","","","","","","","","","","","","","","","","","","","","","","","","","","","","","","","","","","","","","","","",
"Seychelles","SYC","Researchers in R&D (per million people)","SP.POP.SCIE.RD.P6","","","","","","","","","","","","","","","","","","","","","","","","","","","","","","","","","","","","","","","","","","","","","","146.488784790039","","","","","","","","","","","","","",
"Syrian Arab Republic","SYR","Researchers in R&D (per million people)","SP.POP.SCIE.RD.P6","","","","","","","","","","","","","","","","","","","","","","","","","","","","","","","","","","","","","","","","","","","","","","","","","","","","","","","","","","","",
"Turks and Caicos Islands","TCA","Researchers in R&D (per million people)","SP.POP.SCIE.RD.P6","","","","","","","","","","","","","","","","","","","","","","","","","","","","","","","","","","","","","","","","","","","","","","","","","","","","","","","","","","","",
"Chad","TCD","Researchers in R&D (per million people)","SP.POP.SCIE.RD.P6","","","","","","","","","","","","","","","","","","","","","","","","","","","","","","","","","","","","","","","","","","","","","","","","","","","","","","","","","58.3288383483887","","",
"East Asia & Pacific (IDA & IBRD countries)","TEA","Researchers in R&D (per million people)","SP.POP.SCIE.RD.P6","","","","","","","","","","","","","","","","","","","","","","","","","","","","","","","","","","","","","417.112129588011","434.267884547098","366.293747188708","391.440945233353","491.08426119654","496.546384832892","535.581231281501","608.807828479655","701.064457016173","777.057939859683","909.91460588738","971.640135226954","1172.80579825495","691.420682591629","902.36003331956","903.388520303259","1037.09543023822","984.712404130981","1109.60794397296","1127.91517427006","1198.86484077732","","",
"Europe & Central Asia (IDA & IBRD countries)","TEC","Researchers in R&D (per million people)","SP.POP.SCIE.RD.P6","","","","","","","","","","","","","","","","","","","","","","","","","","","","","","","","","","","","","","","","","2064.9711964157","2055.42795986566","2024.88144172475","1995.25022703414","1977.84376962613","1959.63734416117","1882.35900815646","1842.39775547323","1809.4699531177","1795.46006329621","1811.51123702323","1823.72699480404","1830.81161536282","1834.35770569999","1851.91993571018","1884.04172117326","","","",
"Togo","TGO","Researchers in R&D (per million people)","SP.POP.SCIE.RD.P6","","","","","","","","","","","","","","","","","","","","","","","","","","","","","","","","","","","","","","","","","","","","26.3382396697998","24.7533798217773","32.7276496887207","23.296480178833","36.0157012939453","","","33.8769187927246","34.0261116027832","35.3379516601563","","37.5699501037598","","31.7694091796875","","",
"Thailand","THA","Researchers in R&D (per million people)","SP.POP.SCIE.RD.P6","","","","","","","","","","","","","","","","","","","","","","","","","","","","","","","","","","","","","100.379920959473","72.4407806396484","","167.205261230469","","278.707489013672","","280.59814453125","","313.425354003906","","323.163391113281","","328.938201904297","","538.426330566406","","790.909545898438","964.164184570313","865.395812988281","","","",
"Tajikistan","TJK","Researchers in R&D (per million people)","SP.POP.SCIE.RD.P6","","","","","","","","","","","","","","","","","","","","","","","","","","","","","","","","","","","","","","","","","","","","","","","","","","","","","","","","","","","",
"Turkmenistan","TKM","Researchers in R&D (per million people)","SP.POP.SCIE.RD.P6","","","","","","","","","","","","","","","","","","","","","","","","","","","","","","","","","","","","","","","","","","","","","","","","","","","","","","","","","","","",
"Latin America & the Caribbean (IDA & IBRD countries)","TLA","Researchers in R&D (per million people)","SP.POP.SCIE.RD.P6","","","","","","","","","","","","","","","","","","","","","","","","","","","","","","","","","","","","","","","","","329.829280062396","327.506145835437","354.691454363675","383.136769853809","431.644032651118","424.331838137997","420.405374689703","439.278410171628","448.369034249792","478.314636632774","504.742304256339","533.323377519485","540.35407212287","566.989528155876","","","","","",
"Timor-Leste","TLS","Researchers in R&D (per million people)","SP.POP.SCIE.RD.P6","","","","","","","","","","","","","","","","","","","","","","","","","","","","","","","","","","","","","","","","","","","","","","","","","","","","","","","","","","","",
"Middle East & North Africa (IDA & IBRD countries)","TMN","Researchers in R&D (per million people)","SP.POP.SCIE.RD.P6","","","","","","","","","","","","","","","","","","","","","","","","","","","","","","","","","","","","","","","","","","","","","","","","","594.405353511623","","629.802332026222","","","","","","","","",
"Tonga","TON","Researchers in R&D (per million people)","SP.POP.SCIE.RD.P6","","","","","","","","","","","","","","","","","","","","","","","","","","","","","","","","","","","","","","","","","","","","","","","","","","","","","","","","","","","",
"South Asia (IDA & IBRD)","TSA","Researchers in R&D (per million people)","SP.POP.SCIE.RD.P6","","","","","","","","","","","","","","","","","","","","","","","","","","","","","","","","","","","","","153.192926935405","","115.680122375488","","110.53308822141","","","","","129.054192746663","","","","","155.820233964073","","","","","225.972507104422","","","",
"Sub-Saharan Africa (IDA & IBRD countries)","TSS","Researchers in R&D (per million people)","SP.POP.SCIE.RD.P6","","","","","","","","","","","","","","","","","","","","","","","","","","","","","","","","","","","","","","","","","","","","","","","","","","","","","","","","","","","",
"Trinidad and Tobago","TTO","Researchers in R&D (per million people)","SP.POP.SCIE.RD.P6","","","","","","","","","","","","","","","","","","","","","","","","","","","","","","","","","","","","","","","","","","","","","","","","","","","","","","","","","","","",
"Tunisia","TUN","Researchers in R&D (per million people)","SP.POP.SCIE.RD.P6","","","","","","","","","","","","","","","","","","","","","","","","","","","","","","","","","","","","","","","","","","","","","","","","1088.55163574219","1218.27526855469","1491.08984375","1384.12548828125","1428.80151367188","1621.98388671875","1791.08410644531","1800.98400878906","1784.06994628906","1964.96643066406","","",
"Turkey","TUR","Researchers in R&D (per million people)","SP.POP.SCIE.RD.P6","","","","","","","","","","","","","","","","","","","","","","","","","","","","","","","","","","","","","304.342376708984","313.18896484375","308.57861328125","322.136169433594","365.005615234375","353.660675048828","368.343200683594","494.205993652344","505.560882568359","576.392028808594","620.438720703125","713.646545410156","749.727905273438","809.633056640625","889.585388183594","982.279418945313","1101.28186035156","1175.32653808594","1163.91711425781","1215.7783203125","","","",
"Tuvalu","TUV","Researchers in R&D (per million people)","SP.POP.SCIE.RD.P6","","","","","","","","","","","","","","","","","","","","","","","","","","","","","","","","","","","","","","","","","","","","","","","","","","","","","","","","","","","",
"Tanzania","TZA","Researchers in R&D (per million people)","SP.POP.SCIE.RD.P6","","","","","","","","","","","","","","","","","","","","","","","","","","","","","","","","","","","","","","","","","","","","","","","","","","","34.6995391845703","","","18.3375301361084","","","","","",
"Uganda","UGA","Researchers in R&D (per million people)","SP.POP.SCIE.RD.P6","","","","","","","","","","","","","","","","","","","","","","","","","","","","","","","","","","","","","","","","","","","","","","","","","","","37.2311706542969","","","","26.4669494628906","","","","",
"Ukraine","UKR","Researchers in R&D (per million people)","SP.POP.SCIE.RD.P6","","","","","","","","","","","","","","","","","","","","","","","","","","","","","","","","","","","","","","","","","","","","","","","1475.10998535156","1455.00756835938","1427.43005371094","1344.91821289063","1327.9794921875","1259.13012695313","1233.86157226563","1166.45874023438","1029.13049316406","1005.99719238281","1037.24084472656","","",
"Upper middle income","UMC","Researchers in R&D (per million people)","SP.POP.SCIE.RD.P6","","","","","","","","","","","","","","","","","","","","","","","","","","","","","","","","","","","","","707.593729239059","700.214269550783","647.115673975472","659.603146805374","723.944088025749","719.762487660811","769.297303803532","774.103252407061","823.859516654302","879.763539449306","938.627711410529","1019.92603344421","1089.56326694641","883.763388841043","933.686071839974","981.695683517136","1031.63499567257","1056.11170415879","1136.22516884541","1214.65943921493","","","",
"Uruguay","URY","Researchers in R&D (per million people)","SP.POP.SCIE.RD.P6","","","","","","","","","","","","","","","","","","","","","","","","","","","","","","","","","","","","","","","","218.815475463867","277.519409179688","","373.222564697266","","","","","","273.664031982422","480.855743408203","549.132202148438","524.866333007813","537.273986816406","529.048522949219","504.160491943359","524.252563476563","645.178894042969","","",
"United States","USA","Researchers in R&D (per million people)","SP.POP.SCIE.RD.P6","","","","","","","","","","","","","","","","","","","","","","","","","","","","","","","","","","","","","3130.4697265625","3233.08129882813","3398.1875","3456.0400390625","3486.9482421875","3557.58056640625","3642.79174804688","3883.61962890625","3777.86450195313","3730.92114257813","3794.92700195313","3771.12817382813","3925.70532226563","4088.5546875","3884.04345703125","4028.59643554688","4034.65112304688","4138.5439453125","4255.03076171875","4313.38330078125","","","",
"Uzbekistan","UZB","Researchers in R&D (per million people)","SP.POP.SCIE.RD.P6","","","","","","","","","","","","","","","","","","","","","","","","","","","","","","","","","","","","","","","","","660.1494140625","612.659851074219","628.413208007813","586.4736328125","576.560119628906","630.7666015625","563.847229003906","555.13671875","578.550354003906","571.153442382813","543.237060546875","572.996826171875","511.495635986328","505.567443847656","500.0390625","496.674499511719","505.965698242188","","",
"St. Vincent and the Grenadines","VCT","Researchers in R&D (per million people)","SP.POP.SCIE.RD.P6","","","","","","","","","","","","","","","","","","","","","","","","","","","","","","","","","","","","","","","","","","","","","","","","","","","","","","","","","","","",
"Venezuela, RB","VEN","Researchers in R&D (per million people)","SP.POP.SCIE.RD.P6","","","","","","","","","","","","","","","","","","","","","","","","","","","","","","","","","","","","","","","49.1738204956055","55.6002006530762","61.0494613647461","70.5854721069336","69.3069686889648","94.7097015380859","104.416633605957","121.265701293945","146.002990722656","162.6103515625","186.94677734375","182.213623046875","199.910202026367","228.080429077148","290.568908691406","357.347259521484","266.507232666016","240.345626831055","","","",
"British Virgin Islands","VGB","Researchers in R&D (per million people)","SP.POP.SCIE.RD.P6","","","","","","","","","","","","","","","","","","","","","","","","","","","","","","","","","","","","","","","","","","","","","","","","","","","","","","","","","","","",
"Virgin Islands (U.S.)","VIR","Researchers in R&D (per million people)","SP.POP.SCIE.RD.P6","","","","","","","","","","","","","","","","","","","","","","","","","","","","","","","","","","","","","","","","","","","","","","","","","","","","","","","","","","","",
"Vietnam","VNM","Researchers in R&D (per million people)","SP.POP.SCIE.RD.P6","","","","","","","","","","","","","","","","","","","","","","","","","","","","","","","","","","","","","","","","","","","113.816482543945","","","","","","","","","","","673.929321289063","","672.073791503906","","","",
"Vanuatu","VUT","Researchers in R&D (per million people)","SP.POP.SCIE.RD.P6","","","","","","","","","","","","","","","","","","","","","","","","","","","","","","","","","","","","","","","","","","","","","","","","","","","","","","","","","","","",
"World","WLD","Researchers in R&D (per million people)","SP.POP.SCIE.RD.P6","","","","","","","","","","","","","","","","","","","","","","","","","","","","","","","","","","","","","","","","","1070.4907890184","","","","","1196.11176095813","","","","","1272.12780596118","","","","","1473.16874041701","","","",
"Samoa","WSM","Researchers in R&D (per million people)","SP.POP.SCIE.RD.P6","","","","","","","","","","","","","","","","","","","","","","","","","","","","","","","","","","","","","","","","","","","","","","","","","","","","","","","","","","","",
"Kosovo","XKX","Researchers in R&D (per million people)","SP.POP.SCIE.RD.P6","","","","","","","","","","","","","","","","","","","","","","","","","","","","","","","","","","","","","","","","","","","","","","","","","","","","","","","","","","","",
"Yemen, Rep.","YEM","Researchers in R&D (per million people)","SP.POP.SCIE.RD.P6","","","","","","","","","","","","","","","","","","","","","","","","","","","","","","","","","","","","","","","","","","","","","","","","","","","","","","","","","","","",
"South Africa","ZAF","Researchers in R&D (per million people)","SP.POP.SCIE.RD.P6","","","","","","","","","","","","","","","","","","","","","","","","","","","","","","","","","","","","","","195.455383300781","","","","305.745361328125","","296.564056396484","371.305236816406","354.420562744141","376.236358642578","387.279449462891","384.517181396484","388.321502685547","362.889831542969","384.877655029297","403.455108642578","434.203826904297","432.198120117188","473.120269775391","","","",
"Zambia","ZMB","Researchers in R&D (per million people)","SP.POP.SCIE.RD.P6","","","","","","","","","","","","","","","","","","","","","","","","","","","","","","","","","","","","","47.3691291809082","51.2073707580566","53.0641288757324","52.3452110290527","","","","","","","","","40.9707107543945","","","","","","","","","","",
"Zimbabwe","ZWE","Researchers in R&D (per million people)","SP.POP.SCIE.RD.P6","","","","","","","","","","","","","","","","","","","","","","","","","","","","","","","","","","","","","","","","","","","","","","","","","","","","","88.7237701416016","","","","","","",
